avg_grammar_mistakes,avg_bleu,avg_meteor,avg_perplexity,avg_training_similarity,avg_similarity_within
0.23,0.16475715327886536,0.7768811511987879,97.17131316230652,0.8201225,0.6871935970408362
